RowIdx,OutputClass
5351,1
3178,0
5482,0
2556,1
2874,0
3942,0
1898,1
2335,1
2076,0
5867,0
5301,0
5612,1
969,0
2968,0
5976,0
3280,1
369,0
3710,0
719,0
3053,1
3671,0
421,1
2210,1
4575,0
4544,0
201,1
4078,1
4051,1
2040,0
2350,1
1029,0
5700,0
1374,1
180,1
1629,0
1587,0
1939,1
1405,0
5211,0
2933,0
4528,0
2949,0
3952,0
1752,0
1947,1
5633,0
1866,0
408,1
170,0
5689,1
4868,0
3226,0
3661,0
1061,0
4493,0
2641,1
2667,0
1663,0
545,0
5982,0
504,1
1874,0
3523,0
116,0
4750,0
2979,0
2430,0
2506,1
3820,0
5438,0
2929,0
728,0
4208,1
29,0
3910,0
4146,0
989,0
2354,1
1080,0
5039,0
5348,1
5276,0
3617,0
4488,0
3885,0
4725,0
3305,1
1160,0
235,0
5713,0
5475,0
3583,0
1233,1
624,0
4557,0
3145,0
3204,0
2421,0
942,0
4338,1
441,0
3835,0
1329,1
5227,0
3923,0
5003,0
4448,1
4110,1
6059,0
46,0
1243,1
142,1
574,1
5593,1
553,0
4033,0
2367,0
1989,0
3730,0
5401,1
3045,1
5977,0
6007,0
3935,0
2356,1
3424,0
4400,1
3296,1
6142,0
4654,0
2587,0
5069,0
4340,1
1893,0
3485,0
277,0
4456,0
3345,0
312,0
2066,0
4536,1
3535,0
5573,0
2813,1
2383,0
1298,1
6163,0
4345,0
4549,0
4275,0
4390,0
3216,0
148,0
2098,0
5260,1
2633,1
126,1
4216,1
162,0
5697,0
367,0
2744,0
80,0
5277,0
2542,0
3173,0
4986,1
3393,1
4047,1
5512,0
2459,0
5816,0
3456,0
5751,1
3261,0
4291,1
871,0
5022,0
1198,0
4169,0
2906,0
4258,0
2653,0
635,0
4877,1
5041,1
793,0
3868,1
2464,0
3962,1
1559,0
3409,0
4435,1
4054,0
2217,1
3545,0
3389,0
4260,0
4653,0
1886,0
3373,0
5197,0
2805,0
2104,0
1199,0
384,0
1765,0
4295,0
5909,1
5085,0
3645,1
4796,0
3904,1
4097,1
4639,0
1915,0
3850,0
663,0
5013,0
6129,0
2521,0
5241,0
2157,1
2248,1
3355,0
3418,0
434,0
1597,0
5930,1
4700,0
3002,1
2032,1
2417,0
256,0
1438,0
2106,1
3793,1
1132,1
5331,0
5391,0
3269,0
4710,0
3061,0
4406,0
5206,0
768,0
1621,0
2094,0
2515,0
5290,0
1273,0
539,0
2875,1
5222,1
3986,0
2722,0
1627,0
645,1
2166,0
643,0
725,1
2274,0
5802,0
1934,1
4955,0
2348,1
1767,0
4901,0
5558,0
2341,1
445,1
2039,1
4709,0
4204,0
5771,0
3795,1
135,0
1495,1
5934,0
1860,0
137,1
249,0
5114,1
5594,1
3274,0
302,0
1454,0
2227,0
5225,0
5489,0
5111,1
3078,0
4494,1
5294,0
1464,0
2821,0
2390,0
1057,0
1841,0
1720,0
315,0
1601,0
286,0
581,0
5212,0
3502,0
1759,0
3004,0
3706,0
2697,0
5756,0
220,0
5209,1
1991,0
4339,0
3193,0
3949,0
5899,0
3909,0
2540,1
6138,0
706,1
1118,0
5235,0
3206,0
251,0
22,0
4138,0
4674,0
4076,1
608,0
3473,1
497,0
1955,0
5628,1
788,0
1990,0
5873,1
1687,0
387,0
120,0
4706,1
3979,0
4401,1
45,1
1352,1
3354,0
3415,0
3344,0
4535,0
5045,1
1774,0
3906,1
2935,0
5576,0
5034,0
2001,0
2332,1
5,0
4499,0
4909,0
5084,0
3823,1
4769,0
269,0
4936,1
5579,0
5724,1
4542,1
127,1
3310,0
3186,0
2912,0
2713,1
5775,0
5607,0
5062,0
1498,1
2355,0
5056,0
1954,0
3202,0
2327,0
1930,0
2398,0
1099,0
4609,0
5182,0
355,1
1272,0
3038,1
4052,0
2646,0
3081,1
3929,0
4360,1
3129,0
3569,1
4567,0
1923,1
1994,0
1248,0
2012,1
3402,0
3605,0
1529,1
1838,0
1476,0
5168,1
4592,0
2884,0
2720,0
2333,0
1010,0
2129,0
3229,0
2026,0
3350,0
1448,0
5224,0
2077,1
3106,0
300,0
2090,0
309,1
1071,0
5600,0
4165,0
6137,0
5707,0
4670,0
1638,1
4628,0
223,0
688,0
4172,1
5306,1
730,0
2234,0
3519,0
234,0
2419,1
4833,1
998,1
637,1
3794,1
3068,0
759,1
1471,0
1410,1
4626,0
2271,0
4900,1
3348,0
2399,1
5768,0
3330,0
896,0
1425,1
3790,1
2007,0
800,0
1892,1
1395,1
117,0
4103,0
1357,1
4641,0
5004,0
4296,1
4752,0
556,0
3728,1
3318,0
2148,1
2695,1
2978,0
555,0
4880,0
2816,0
1894,0
1148,0
4198,1
386,0
3970,0
4109,0
1607,0
439,0
4512,1
959,1
1514,0
332,0
3468,0
3420,0
3672,0
2538,0
715,0
5249,1
546,0
1883,0
3779,0
5448,0
417,0
4282,1
344,0
1520,0
4287,0
1290,0
2727,1
4323,1
1916,1
4429,0
1288,0
5019,0
4460,0
3177,0
5951,0
4648,0
5728,1
102,0
5869,1
1500,1
2085,0
474,0
5963,0
4158,1
2655,1
5359,0
1157,1
2442,0
1541,1
4673,1
3852,0
3266,0
2514,1
4774,0
3275,1
5336,0
3153,1
2724,1
4156,1
3627,0
6050,0
2295,0
4061,0
609,1
4521,0
1400,0
5454,1
4461,0
4149,0
4148,1
6010,0
958,0
4727,1
2431,0
2969,0
182,1
3867,0
5181,0
1027,0
1900,0
5291,0
5997,0
5772,0
1535,1
5136,0
2439,0
5411,0
713,1
218,1
3799,0
612,0
2156,1
5630,0
5947,0
4829,0
5002,0
809,0
1942,1
3927,0
4274,0
4125,1
5118,0
2703,1
1074,1
4668,0
260,0
4247,0
5994,0
3301,0
4132,1
4366,0
4367,0
4598,1
4063,0
82,0
34,0
685,0
2855,0
1257,1
73,0
3297,1
2662,0
1164,1
5616,0
1754,0
1829,0
3467,0
5142,1
2404,0
2856,0
3158,1
3273,0
5836,1
4088,1
1784,0
4432,0
1457,1
1228,0
3700,0
2492,0
1133,1
2108,1
1791,0
2857,0
2055,1
390,1
2894,1
1682,0
1300,0
1035,0
3989,0
6158,0
4151,0
4053,0
3394,1
5361,0
3288,0
1797,0
3601,1
4693,0
187,0
5960,1
3508,0
5165,0
1622,0
4572,0
2797,0
1225,1
4988,1
1411,0
5818,0
1959,1
2189,0
2597,1
448,1
3584,0
4737,1
4734,0
2840,0
326,0
5269,0
606,0
1166,0
2024,0
1012,1
2740,0
670,0
3873,1
3815,0
4483,0
360,1
2604,0
928,0
487,0
1653,0
1343,0
5071,0
575,0
4092,1
4904,1
3257,1
6075,0
4828,0
4010,0
2069,0
3813,1
5259,0
930,0
5832,0
5308,0
4479,0
5554,0
83,0
1858,0
1417,0
2880,1
5953,0
2099,0
197,0
1967,1
4328,0
5368,0
3101,1
3681,0
4299,0
3940,0
4620,0
872,0
2721,1
2806,0
2194,1
2685,0
4168,0
3808,0
1322,0
429,0
240,1
2218,0
1925,1
6130,0
4382,1
5743,0
1231,0
1914,0
5405,0
2089,0
746,0
2400,0
6051,1
1711,0
882,0
2769,0
5414,1
343,0
1024,0
2838,0
2584,0
4873,1
2693,0
3890,0
1051,0
3514,0
5547,1
583,0
3439,0
3889,0
3515,0
1079,0
3211,0
5093,0
4825,1
2868,1
4728,0
5541,1
6047,1
5036,0
4100,0
5321,0
868,0
2480,1
1919,0
3385,0
1381,0
1039,0
2160,1
1332,1
2636,0
3572,0
695,0
785,1
4074,0
690,1
5804,0
6121,0
2747,0
2453,0
4414,0
5171,0
4237,0
2974,1
2762,0
3670,0
4018,0
1652,0
4688,0
5656,0
1878,0
2917,0
1686,0
1404,0
4633,0
2741,1
4865,0
4915,1
4600,0
5548,0
5311,0
5809,1
1305,0
5048,0
4522,0
2606,1
5485,0
796,0
5505,0
944,0
5208,0
4802,0
2923,0
3877,0
3738,0
1794,0
4578,0
764,0
5390,0
5518,0
821,0
1140,0
1828,0
4202,0
3182,0
1065,0
3377,0
3588,0
593,1
3180,0
3943,0
4332,1
731,0
207,1
4445,0
1516,1
1378,0
2919,0
1772,0
5427,0
5896,0
4787,0
3286,0
5043,0
3834,1
4355,0
1170,0
5866,1
103,1
1484,0
4361,1
4834,0
3531,0
590,0
2436,0
4680,0
3666,1
4822,0
314,1
900,0
3492,0
4638,1
3219,0
3249,0
5106,0
6046,0
3220,0
1585,0
1848,0
1677,0
4849,0
5344,0
5467,0
1017,0
2044,1
549,1
2590,0
5649,0
4995,1
4676,1
2378,0
2777,0
5642,1
1578,1
5741,0
3096,0
1180,0
4301,0
5794,0
4606,0
4188,1
1547,0
3391,0
68,0
5342,0
2158,0
1815,0
193,0
5244,0
1580,1
4848,0
4782,0
3478,0
2890,0
3673,0
3484,0
1574,0
6000,0
4888,0
1927,0
4284,1
2266,0
2579,1
696,0
3762,0
239,0
305,1
1908,0
59,1
2441,0
4365,0
5080,1
1382,1
5848,0
2293,0
3028,0
2984,1
2409,0
4114,0
1719,0
2707,0
1688,0
2972,0
3565,0
3774,1
4372,0
3302,0
1882,0
4231,0
4966,0
784,1
5801,0
393,0
4991,1
1123,0
4666,0
2601,0
5943,0
2305,0
5113,1
2611,0
281,0
5940,0
558,0
3496,1
646,0
1124,0
232,1
4818,0
2773,0
2175,1
2361,0
4157,0
3829,1
5932,1
2589,1
4671,0
5970,0
3370,0
2479,0
458,1
5904,0
1654,0
5150,1
2625,0
2755,1
5052,0
1145,1
5049,0
847,1
4207,0
780,1
3337,0
5237,0
3746,1
6081,0
5753,1
932,0
3240,0
2688,0
215,0
4942,0
1380,0
3524,0
1813,0
5584,0
2576,0
2607,0
1327,0
2580,1
5729,1
3109,1
2186,0
5472,0
4022,1
2624,0
4467,1
1685,0
5434,0
3742,0
1579,1
4370,0
2038,1
4024,1
3360,1
1156,0
985,1
5155,0
2068,0
1721,0
4507,1
2518,1
502,0
5455,1
4540,0
3733,1
5917,1
5486,0
3550,0
1937,0
4351,0
2898,0
368,0
6114,0
3716,0
2474,1
567,1
1561,0
4898,1
1239,0
3809,1
508,1
1234,0
99,0
4179,0
3596,0
668,0
859,1
1910,0
6150,0
4515,0
4893,0
1386,0
2488,1
4885,0
3156,0
1999,0
5952,1
3657,1
1670,0
5731,0
6151,0
557,1
994,1
5887,0
3619,0
2546,0
5010,1
1749,0
5232,0
1274,0
1136,1
4378,1
2530,0
6060,0
935,1
5199,0
701,0
4107,1
6083,0
1555,0
6001,0
2993,0
1082,1
2462,1
6057,1
851,0
3208,0
525,0
2037,0
2948,1
3079,1
3708,0
4943,0
6112,0
6,0
2837,0
3827,0
1458,1
617,0
576,0
977,0
640,0
1550,1
3726,1
5098,0
6153,0
1795,0
289,0
514,0
4926,0
988,0
433,1
589,1
2561,0
2283,0
2314,0
848,1
5973,0
3449,0
63,0
3466,1
1509,0
3669,1
3169,0
109,1
518,0
6088,0
3469,0
1704,0
1565,0
3124,1
5094,0
3127,1
2265,0
3901,0
1750,0
6044,1
2272,0
5807,0
5428,0
4890,0
4391,0
1218,0
4616,1
3757,0
349,1
2734,0
2113,1
2182,0
4462,1
1778,0
4212,0
702,0
3780,0
5247,1
2616,0
687,0
2902,1
2952,1
2865,1
5403,1
4224,0
3842,0
2499,0
644,0
4279,0
3258,1
4951,0
4128,0
1020,0
6147,0
5420,0
1736,0
1922,1
4250,1
5074,0
1760,1
5983,0
55,1
5754,0
95,0
5496,0
4318,0
4090,0
2011,1
4736,0
4758,1
1075,1
5782,0
2852,1
1207,0
5317,0
2785,0
4981,1
1236,0
2820,0
4644,1
4807,0
6161,1
6091,0
2810,0
5550,0
350,0
5395,0
4070,0
2359,1
3985,0
245,0
960,0
435,0
3465,0
1310,0
2988,0
4519,0
1852,0
2228,0
3585,0
4978,1
712,1
2230,0
2443,0
496,1
601,0
4333,0
5201,0
841,1
1423,0
4403,1
3934,0
5586,0
907,0
4259,0
3082,1
2928,0
1962,1
5740,1
1538,0
564,0
4861,1
5180,0
3611,0
5101,0
3561,0
597,1
941,1
5545,0
1505,0
4129,0
4108,0
840,0
345,1
4634,1
5097,0
779,0
4561,1
2551,1
5354,1
858,1
5853,1
3278,1
2786,1
3481,1
1237,1
5540,0
2352,0
727,0
5153,1
4741,1
4485,0
5012,0
3292,0
3006,0
5014,1
276,1
2061,1
3503,1
2264,1
3621,1
3136,0
5648,0
1616,0
1103,0
330,0
2020,0
4717,0
1988,0
4554,1
2699,1
3697,0
5175,1
5958,0
997,0
5569,0
5079,0
797,1
124,1
3736,0
4050,0
4073,0
4235,0
5067,0
2362,0
2214,1
3881,1
4371,0
1777,0
5684,0
3804,0
5827,0
1052,0
4205,1
4314,0
3922,1
3352,1
5591,0
4846,1
611,0
3306,0
4514,0
6164,0
561,0
911,0
3406,0
718,1
4958,1
5242,1
5603,1
4795,0
5050,1
5413,1
1744,0
4881,1
2193,0
4500,0
2257,0
5037,0
2595,0
1826,0
4720,1
5479,1
101,0
5884,1
5388,0
4691,1
3586,0
1163,0
2513,0
1741,0
2908,0
1502,0
5426,0
3817,0
211,0
4031,0
3283,0
2428,0
1818,0
3342,1
1746,0
1730,0
3767,1
1006,1
1241,1
2328,0
2657,0
6037,0
2507,0
3433,1
6022,0
1992,1
3077,1
1938,1
4748,1
373,1
4161,0
5278,0
5529,0
3421,0
4446,0
5797,0
3775,0
835,0
1393,0
4823,1
5192,1
5347,0
4159,1
2828,0
3287,0
5091,0
2452,0
2788,0
206,0
2638,0
1376,0
1007,1
5307,1
3436,1
2141,0
3975,0
3340,1
1651,0
4116,0
4147,1
952,0
4695,0
5487,1
5322,1
3114,0
5033,0
2339,0
4997,1
4775,1
2065,0
5115,0
2460,0
3231,0
1684,0
58,0
1353,0
3625,0
1808,1
5314,0
895,1
5194,1
3866,1
5493,0
647,0
6071,0
2619,0
1692,1
4777,0
2320,0
2290,0
4465,1
4810,0
5956,0
6116,0
4411,0
3754,1
5971,0
3731,0
1297,1
2739,1
204,0
4227,0
519,0
3244,1
3399,1
5135,1
1449,0
1283,1
4297,1
1917,1
1078,1
4443,0
1715,0
3015,0
4280,0
1521,0
3554,0
3020,1
901,0
1387,0
4959,0
3897,0
2939,1
2765,0
1358,0
3526,0
17,0
3504,0
4285,0
2205,0
3372,1
762,0
5778,0
1062,0
3845,1
5911,0
1533,0
1769,1
191,0
4495,0
463,0
485,0
1265,0
2379,0
1126,0
1832,1
1371,1
3017,0
2117,1
2731,0
2049,1
1551,1
2910,0
111,0
1658,0
4505,0
1455,1
3882,0
3843,0
1173,0
5015,1
3612,0
233,0
1249,0
4278,0
4112,1
4797,1
2296,1
3644,0
4679,0
4776,1
3408,0
3747,0
934,0
1046,1
3435,0
449,0
454,1
5026,0
13,0
2143,1
1388,0
3887,0
2472,0
5267,0
1968,0
4931,0
5137,0
5421,0
1022,1
837,0
1397,0
5402,0
1661,0
4520,1
6092,1
792,1
3898,0
2471,0
5430,0
1217,0
4785,0
5945,0
5808,0
864,0
105,1
1345,0
1577,0
4317,0
1269,1
4104,1
1625,0
517,1
2918,1
4137,0
5928,0
2451,0
4992,0
5552,0
4469,1
5450,0
2238,0
2263,1
2941,1
5423,1
4016,0
3392,0
2386,0
160,0
6159,0
2681,1
4952,0
1834,0
1135,1
222,0
6145,0
679,0
1785,0
5445,0
1247,0
166,1
2985,0
2654,0
395,1
2578,0
4895,1
1643,0
3642,0
3024,1
5117,1
4127,0
996,0
2802,1
1146,0
3980,0
1496,0
4167,0
2900,0
3690,0
1436,0
3212,0
4961,0
1735,0
5494,1
1823,1
5177,1
6082,0
38,0
1301,0
886,0
2609,0
4501,1
5481,1
2415,1
2528,0
4145,0
2247,1
1186,0
3685,0
323,0
12,0
3833,0
2165,0
18,0
2446,0
2640,0
5996,0
3819,0
4650,0
5452,0
1876,0
2127,0
4518,0
1311,0
1855,0
1229,0
580,0
20,0
801,0
1396,1
2719,1
2306,1
3042,0
3322,0
771,0
3854,0
5400,0
6064,1
2524,0
1885,1
3290,0
2964,0
495,0
4091,0
2850,0
5474,1
4678,0
4472,0
5280,0
5632,1
4200,0
2151,0
947,0
3027,1
3250,0
4584,0
5313,0
5845,0
3647,1
3783,0
1226,1
325,0
2642,0
87,1
4155,0
1656,0
91,1
2237,0
4533,1
2502,1
6053,0
481,0
3637,0
158,0
3907,1
5442,0
5937,0
4511,0
4283,0
3787,0
1045,1
2955,0
4733,0
5685,1
2140,0
4581,0
4660,0
3740,1
5938,1
3564,0
914,1
1263,0
770,0
4,0
231,0
1489,0
1420,1
5922,0
4513,0
3620,0
2971,0
1005,0
5514,0
3386,0
966,1
2622,0
1972,0
1114,1
4409,0
4789,0
4180,0
4624,0
2901,0
1413,0
639,1
3905,0
922,0
1553,0
4464,1
2754,0
5393,1
4967,0
961,1
4380,0
2743,0
1040,0
6066,0
2091,0
4178,0
2395,1
2689,1
2107,0
394,1
1635,0
5654,0
3067,1
5787,1
552,0
3245,0
1626,0
2229,0
4669,1
1724,0
3589,1
5031,0
2198,0
2147,1
2276,1
855,1
4270,0
704,0
824,0
5701,1
6124,1
1851,0
2033,0
3662,0
3452,0
4089,0
2950,0
902,0
1751,0
1667,0
3872,0
1336,0
6115,0
1562,0
5483,0
5613,0
195,1
4486,0
3474,0
1407,0
3629,0
660,1
4907,0
2344,0
2473,0
995,1
362,0
3224,0
5859,1
3668,0
2882,0
2046,1
1127,0
4835,0
5179,0
1021,0
219,1
3005,0
1414,0
5834,0
772,0
4686,0
14,0
2403,0
4751,0
1161,1
5655,0
3707,0
4136,1
134,1
2801,0
4201,0
828,0
2373,1
1948,1
5363,1
3291,0
2337,1
3540,1
4292,0
1299,1
2286,0
4347,0
5699,0
5556,0
2364,0
4143,0
4799,0
3332,0
1095,1
4704,0
5835,1
6080,0
623,0
2635,1
3000,0
4614,0
4381,0
805,0
1031,1
3914,0
588,0
4771,0
2329,1
5038,1
3888,1
5491,0
594,0
5356,0
2749,0
2626,1
5021,0
4887,0
2041,0
2843,1
757,0
1792,0
1964,0
758,0
3555,0
5316,0
600,0
1385,1
444,1
4144,0
359,1
5382,1
3964,0
2706,1
999,1
5567,0
5829,0
4182,0
4383,0
5568,0
3405,0
5174,0
662,1
5902,1
4723,1
4949,0
192,0
894,0
3238,0
5320,1
5538,1
3883,0
6028,1
322,0
1056,1
198,0
5734,0
4069,1
2718,0
5469,0
257,0
4251,0
5376,0
4599,0
5813,0
6123,0
2498,0
5419,1
247,1
1833,1
1214,0
3533,1
1399,0
3076,0
1038,0
472,1
6006,0
5312,1
760,0
4731,1
1043,0
4081,0
2757,1
6016,1
852,1
2319,0
3936,0
2909,0
2822,0
1365,0
4564,0
3058,0
892,0
274,1
4423,0
1716,0
3879,0
3805,0
4702,1
2618,0
1415,0
100,0
2990,0
4357,1
4546,0
336,0
3400,0
1122,0
2658,1
41,0
4185,0
5695,0
3739,0
3489,1
2864,0
3407,1
5905,0
920,0
4037,0
4830,1
3336,0
956,0
5604,0
4223,0
3016,0
1278,0
307,1
1549,0
1737,0
1250,0
4195,1
2930,0
2712,1
5256,0
2197,0
3691,1
1732,0
2000,0
554,0
3308,1
5847,0
4983,0
3086,0
1254,0
1042,1
1698,0
2992,0
189,0
711,0
1952,0
4087,0
6078,1
4217,0
2903,1
1519,0
3959,1
686,0
2568,1
5447,0
4883,0
790,0
3417,1
3221,0
1013,1
5309,1
2016,1
5460,0
5765,1
1786,0
3803,1
2163,0
2544,0
5726,0
2199,1
1588,1
6136,0
1442,0
1614,0
1604,0
2408,0
2256,0
2253,0
2489,1
3133,0
317,1
5931,0
1356,0
2686,0
3961,0
5178,1
2962,1
1178,0
1631,1
875,0
4308,0
3884,0
3164,0
331,0
5830,0
1674,0
5878,0
5102,0
5570,0
1499,0
33,0
2660,0
1725,1
3412,1
4716,1
5833,1
4531,0
1439,0
5526,1
4354,1
1477,1
664,1
1011,1
1334,1
1142,0
5679,0
2050,1
2224,0
3574,0
933,0
1609,0
5238,0
5292,0
1141,0
6004,0
4229,1
3207,1
773,0
5761,0
1534,0
1428,0
5926,1
6128,0
4698,1
3260,0
750,0
2363,1
84,0
5163,0
2490,1
129,1
3451,0
1432,1
1853,1
4910,0
4870,1
5112,0
523,0
1546,1
4591,0
4863,0
1302,1
112,0
479,0
3138,0
3384,0
5990,1
658,1
3698,0
2780,1
2242,1
2391,1
5157,0
3807,0
2346,1
1433,0
749,0
2031,1
4105,0
3192,0
3500,1
3784,1
1920,0
4214,0
2170,1
3760,0
108,1
3444,0
2254,0
121,0
365,0
5577,1
3788,1
4618,0
873,1
899,0
4261,1
5274,1
6032,0
3254,0
3812,1
4954,0
4399,0
4817,0
2162,1
5396,0
3513,1
2301,0
4310,0
1525,0
5894,0
3771,0
1961,0
2028,1
4316,0
2321,0
2275,1
5653,0
6076,0
3530,0
56,0
5008,1
3259,0
3946,0
2647,0
1728,1
1326,0
5564,0
2612,0
2019,0
483,0
2887,0
2668,1
5944,1
5537,0
1811,0
2940,1
672,1
5439,0
3999,0
3335,0
188,1
3529,0
5018,0
1478,0
4589,0
4153,0
1803,1
3781,0
1513,1
3072,0
2782,1
4504,0
3191,0
237,0
2991,0
3863,0
5975,1
4305,0
2848,0
3679,0
2879,0
2652,0
1445,0
1929,0
5652,1
4935,1
3651,0
2858,0
2134,0
2775,0
419,0
1703,0
5747,0
2690,0
3965,0
5693,0
3445,0
5328,0
2244,1
438,1
3507,1
1437,0
3870,0
5949,0
2944,0
535,1
822,0
1849,1
1572,0
5497,0
5980,1
1418,0
1564,0
176,1
3080,0
1996,0
5140,0
4315,0
5571,0
1543,1
2258,1
1434,0
4263,0
3810,0
1647,0
631,0
2243,0
910,1
4438,0
1926,0
5617,0
4632,0
5325,0
3830,0
5188,1
65,0
5629,0
5176,1
620,0
5730,0
4896,0
217,0
2407,0
5283,0
4269,0
4321,0
5300,0
5369,0
4763,0
2133,0
3195,0
4036,0
461,0
5585,0
2008,1
3696,0
268,0
5886,1
1522,1
4433,0
818,0
4940,0
4938,0
3832,0
3427,0
4196,0
4412,0
1292,0
2,0
3317,0
1753,0
3802,0
5534,1
2970,0
4134,0
1104,0
562,0
5228,0
4545,0
881,0
1788,0
1009,0
5854,1
5745,0
1427,1
1121,1
2167,0
5229,0
1196,0
5090,0
3243,0
4559,0
1331,0
3277,0
4745,0
6155,0
5750,1
1421,1
4254,0
2180,0
6023,0
3143,0
1722,0
1232,1
2207,0
397,0
6167,1
5644,0
5459,1
3374,0
1536,0
4851,1
2380,0
1960,1
614,1
291,1
3721,0
2998,1
991,0
5063,0
4925,0
5239,0
4141,1
2288,0
651,1
1560,1
488,1
4568,0
1773,0
2291,0
1679,0
346,1
1314,0
5661,0
4882,0
853,0
5262,1
93,0
3973,0
4176,0
4142,0
795,0
5828,0
2317,0
2922,0
2620,1
5674,0
4610,1
4303,1
703,0
1775,0
5066,1
5377,1
2539,0
3772,0
3459,0
2424,1
2723,0
2583,0
1526,0
4842,1
2708,0
5186,0
5935,0
431,0
6156,1
3359,0
2250,0
5234,0
3159,0
1016,1
4173,0
4914,0
5852,0
1740,0
1129,0
4897,0
4611,0
3590,1
4313,0
4083,1
5499,0
3640,1
633,0
578,1
6020,1
1081,0
4475,0
3693,0
2915,0
2705,0
4064,1
2861,0
1856,0
1918,1
2853,1
4838,1
984,1
2535,0
1676,0
786,0
4805,0
1974,0
501,1
2574,0
3778,1
2118,0
3070,1
1362,0
293,0
2491,0
3602,0
1683,0
94,0
3161,0
4613,0
4444,0
3770,1
2079,1
860,0
3458,1
280,0
4045,0
2891,1
1940,0
3837,0
5860,0
1957,1
2438,0
3448,0
862,0
6074,1
939,1
3688,0
3971,0
7,0
1064,0
5779,0
3013,1
4425,1
225,1
1524,0
2389,0
437,0
5967,0
1044,0
1359,0
4072,0
4327,0
603,1
4766,0
3170,0
5788,1
1339,0
5844,1
5923,1
1854,0
5595,0
769,0
1309,0
2080,1
3869,1
5151,0
3252,0
2105,0
1932,0
5826,0
3653,0
465,0
569,0
726,1
3328,0
1819,0
1527,1
3792,0
396,0
2280,0
5058,0
661,0
814,0
2102,0
1144,0
1036,1
5345,1
26,0
1824,0
2545,1
2458,0
6095,0
5527,0
4905,0
1816,1
5533,0
4832,0
1963,0
3494,1
774,0
3052,0
2904,0
5032,0
4508,0
3955,0
4017,0
202,0
4864,1
2071,1
1987,0
3163,0
5539,0
5304,0
5051,0
5906,1
4703,0
791,0
2347,0
140,0
1887,1
339,0
261,0
37,0
720,0
5964,0
5806,0
377,0
3128,0
2752,0
4377,0
5933,0
303,0
1076,0
5263,0
4806,1
3232,1
2566,0
363,1
5326,1
1566,0
2664,0
3862,0
3921,1
954,0
482,0
3660,1
273,0
6069,0
2585,0
4187,1
3895,0
5549,0
710,0
3230,1
6119,1
3043,1
3664,0
131,0
4917,0
4853,1
5099,0
3773,0
491,0
90,0
1636,0
1993,0
2926,0
352,1
2235,0
1219,0
2869,0
4583,1
4166,0
1943,0
400,0
3428,0
3018,1
6140,1
1050,0
3748,1
1822,0
1101,0
3537,0
5513,0
2025,0
5462,0
3141,1
422,0
5108,0
1402,0
5105,0
2084,0
964,0
1102,0
3362,0
4827,0
2516,1
5286,0
2536,0
436,0
2304,0
2763,0
830,0
789,0
4573,0
3069,0
457,1
4994,0
2074,1
4647,0
3510,1
1106,0
4320,1
1771,1
399,0
5578,0
798,1
3824,0
4996,0
5895,0
5103,0
5334,0
1459,0
1665,0
1335,0
756,0
66,1
178,0
1748,1
6093,1
2999,0
27,0
526,0
4735,0
3233,0
2370,0
2824,0
665,0
4950,0
3225,0
2457,0
1222,1
1743,1
4662,0
333,1
5270,0
4975,1
599,0
5759,0
2435,1
3268,0
1460,0
3687,0
1416,1
740,0
2895,0
229,1
5870,1
499,0
8,1
1978,0
903,0
3085,0
3684,0
4228,0
2366,0
3040,0
1238,1
2753,1
1933,0
4933,1
3113,0
950,0
1718,1
2184,0
4398,0
2577,0
3766,0
2709,0
4837,1
139,0
4899,1
2018,0
252,1
4993,0
1091,0
2017,1
4525,0
5200,0
2913,0
5643,0
913,1
2416,0
3702,0
1282,0
2683,0
5924,1
2308,1
2119,0
912,0
3659,0
2159,0
2671,0
3876,0
1090,0
4262,0
3755,0
3937,0
937,0
5864,0
1830,0
4248,0
1251,0
5574,0
1109,0
5843,0
737,0
3926,0
5948,0
4003,1
4424,0
3954,0
1979,0
2862,1
1793,1
3950,0
4857,0
5132,0
5456,1
5530,0
3608,0
3497,0
4077,1
5850,1
2476,0
3256,0
3383,0
2897,1
3235,0
893,0
2645,1
6056,1
4541,0
4912,0
1726,0
3388,0
2052,1
5555,1
243,0
4918,0
2994,1
2047,0
2951,1
404,0
5714,0
51,0
4000,0
3382,1
4497,0
4658,0
559,0
4186,0
3423,0
3033,0
1152,0
10,0
1708,0
2594,0
5341,1
1615,1
1072,1
6065,0
4740,0
5863,1
717,1
1897,0
5588,0
3631,0
2124,0
319,1
3822,0
1673,0
4019,0
428,0
3205,0
5195,1
3917,0
3992,0
547,1
263,0
255,1
4908,0
6133,0
667,1
5601,0
172,1
1177,0
4450,0
1483,0
1907,0
4476,0
4234,0
4860,1
1901,1
694,1
4845,0
5362,0
3768,0
4193,0
2116,0
4068,1
2097,1
3217,1
4131,0
782,0
3756,0
5065,0
4854,0
542,0
4194,0
4587,0
4816,0
3054,0
2679,0
5535,0
5999,1
2729,0
883,0
3509,0
3179,0
4755,0
4407,0
6096,0
3552,0
1172,0
3582,0
2637,0
2839,1
1330,1
5993,1
5961,0
76,1
3711,0
4601,0
4699,1
5440,0
2195,1
3676,0
5805,0
1467,0
2666,1
2388,0
4118,0
5721,0
3678,0
4300,1
946,0
3683,0
6034,0
843,1
4359,0
3486,1
4608,0
2873,0
4643,0
5416,0
3994,0
226,0
5092,0
2804,0
1857,1
4245,0
2678,0
5268,0
846,1
573,0
3699,0
4590,1
2942,0
2482,1
155,0
477,0
4059,1
3591,0
1691,0
279,0
527,0
5605,0
3122,0
6120,0
1088,0
3154,0
383,0
1100,0
4973,0
3376,1
2531,1
3542,0
4538,0
3284,0
919,0
208,0
5214,0
3977,1
5367,0
5444,0
3506,0
298,0
1491,0
528,0
5386,1
443,0
2121,0
1139,1
3571,0
3626,0
2966,0
3517,0
2375,1
4008,1
4922,0
3658,1
1837,1
2454,0
4240,0
2009,0
5378,0
48,0
2202,1
4085,0
398,0
1508,0
3403,1
2613,0
3265,0
5078,0
5800,0
3734,0
5457,1
987,0
5861,0
5622,1
1435,1
2533,0
5737,0
238,0
2120,0
2287,0
5611,0
3398,0
1105,0
3836,1
803,0
5793,0
5903,1
3650,0
4005,1
5500,0
1738,0
4447,0
4491,0
5435,0
5387,0
4309,0
35,1
2246,1
3093,1
3838,0
5323,0
4094,0
565,0
3987,0
5082,0
75,0
856,0
310,0
3276,0
283,0
3763,0
3487,0
548,0
3841,0
5523,0
1571,0
2582,0
1159,1
1681,1
721,0
292,0
3190,0
541,0
3470,0
2233,1
1037,1
3587,1
1048,0
3119,1
3307,0
2316,1
3633,0
5791,1
61,0
1600,1
6144,1
1190,1
4747,1
4307,0
5682,0
2444,0
3148,0
536,1
4894,0
5516,0
5220,1
3501,0
4211,1
582,0
3847,0
196,0
1264,1
173,0
4162,0
3493,0
4689,0
2871,1
2570,0
925,1
2751,0
1014,1
4696,0
1174,1
1563,0
2598,0
1642,0
4041,0
5968,0
1431,1
4729,0
3632,1
4039,0
5784,0
3112,1
5677,0
3371,1
1240,0
4711,0
416,0
4707,0
3022,0
5394,0
983,0
1165,1
1780,0
5162,0
5744,0
3074,0
4749,0
587,1
596,0
1812,0
813,1
1950,1
5796,0
1168,1
1931,0
221,0
1066,0
4780,0
1693,0
6012,0
5271,1
2014,0
5811,0
775,0
306,0
2960,0
440,0
714,0
5640,0
3199,1
6063,0
1025,0
4742,0
1083,0
2728,0
3818,1
2294,0
735,0
1675,0
5315,0
4302,0
4808,0
6040,0
3595,0
3713,0
2114,0
5143,0
1611,0
1644,0
1220,0
1605,0
358,0
5011,0
531,0
3594,0
5936,1
1094,0
1766,0
5087,1
2445,1
1936,0
986,1
4786,0
2982,0
3993,0
4027,0
5992,0
4225,1
2338,0
3203,0
3663,0
4014,0
3333,0
4364,0
5190,0
1289,1
3505,0
138,0
974,0
5461,0
4555,0
1649,0
4956,0
3636,0
616,1
4623,0
5226,0
1859,1
5126,0
5245,0
5476,0
1712,0
2269,1
6011,0
5946,0
2425,0
159,0
3197,0
4503,0
1367,1
415,0
2774,0
3944,0
2331,0
4289,0
4480,1
4184,0
2698,0
3294,0
4565,0
1041,1
4990,0
3476,0
3490,1
4368,0
5330,0
509,0
5614,1
3857,0
4558,0
2449,0
1782,0
5170,0
2986,1
5477,0
5708,0
2932,1
3108,0
3272,1
3075,0
5908,0
4553,0
544,0
3339,1
4617,1
224,1
4903,1
4478,1
5203,1
1403,1
3892,0
1873,1
4820,1
2137,0
181,0
3264,1
2174,1
2779,0
5207,1
4921,1
1323,1
3184,0
3680,0
4969,0
540,0
290,0
6029,0
5504,1
976,1
2405,0
4101,0
3947,0
3228,1
5333,0
42,0
5703,1
5995,0
4266,0
3811,1
4595,0
6018,0
4393,0
2847,0
2931,0
6089,1
6030,0
5890,0
877,0
2384,1
1392,0
3930,0
507,0
5889,0
1015,0
4199,0
388,0
3600,0
308,0
1337,0
1864,0
1328,0
4524,0
3462,0
1256,0
5431,0
341,0
1802,1
5691,1
1956,0
5399,1
4191,0
2005,1
2596,1
748,0
5370,1
5154,0
4681,0
2054,1
4093,0
1504,0
5119,0
4032,0
1781,0
3717,0
766,0
6052,1
926,0
857,0
2621,0
6009,0
1271,0
5305,1
1840,0
1115,0
5819,0
4551,0
752,0
5310,0
2704,0
5792,0
4809,0
152,1
1033,0
2509,0
1443,0
4222,0
347,1
3988,1
2631,0
1671,1
707,0
5722,1
2676,0
5544,0
1747,1
5040,1
1401,1
1018,0
2888,0
3160,0
3397,0
1650,1
2241,0
6135,0
1503,0
88,0
5871,0
2700,0
522,0
5572,0
1557,0
3814,0
5582,0
3686,0
6157,1
5561,0
1202,0
2136,1
5858,0
3553,0
5715,1
4096,1
6026,0
2736,0
5647,0
5766,0
1143,1
3379,0
11,0
2946,1
3656,1
5954,0
4394,0
6131,1
2965,1
3007,0
3522,0
4768,1
2297,0
2886,0
4539,0
2672,1
1846,0
3447,0
2100,1
570,0
538,0
3978,0
5638,0
4220,0
3188,1
2859,0
3214,0
3367,1
2277,1
1409,0
5817,0
605,1
6113,0
5275,0
5706,0
2851,0
4426,1
2911,0
1333,1
1648,0
2702,0
4937,0
5812,0
3983,0
689,0
3356,1
823,0
3578,0
4477,0
3088,1
3623,1
1678,1
1150,0
3351,0
3744,0
4470,1
1494,0
4241,0
2115,0
4607,1
6090,0
1324,0
4150,0
4463,0
4625,0
5073,1
2947,0
3974,0
3194,0
5343,0
2088,0
918,0
3855,1
3925,0
1602,0
3769,0
560,0
3579,1
3299,0
5076,1
708,0
3848,0
584,0
1209,0
4046,0
423,0
2634,0
36,0
876,0
5525,0
4098,0
4876,0
4385,1
1567,0
4705,0
5659,0
1184,0
228,0
827,1
2255,0
5671,0
2322,0
2943,0
5293,0
1637,0
2829,0
4418,1
3270,0
4556,1
3646,0
1191,0
5962,0
1375,1
1570,0
4847,1
3094,0
2135,1
5133,0
1809,0
826,0
2393,0
3722,0
2481,0
500,1
3316,1
5303,0
5563,0
4582,0
817,1
1317,1
466,0
4082,0
2534,0
3732,0
510,1
147,1
5156,1
5762,1
2920,0
630,0
1537,1
5915,0
3023,0
3319,0
1197,0
5736,0
471,0
4594,0
3741,1
1790,0
2412,0
5100,0
205,0
2823,0
3121,0
3380,0
5230,0
2006,0
5718,0
3528,1
4066,0
2651,1
2748,0
3117,0
2353,0
1755,0
1216,0
4190,0
5453,1
4984,0
1452,1
2216,0
5458,0
1904,0
980,0
550,0
3168,0
5893,0
4826,0
2267,0
5417,0
1426,0
4242,0
3320,0
4532,0
577,0
3511,1
2808,0
1453,1
3100,1
5029,0
446,0
4221,1
3471,0
5167,1
628,0
348,1
342,1
4946,0
5950,1
778,0
4571,0
4170,0
4249,0
5907,0
4458,0
304,0
927,0
1073,0
676,0
6008,0
2309,0
2976,0
585,1
2013,1
3984,0
4934,0
5281,0
5054,0
5667,0
3499,0
3457,1
4529,0
2870,0
242,0
1863,0
1480,0
2015,0
3246,0
4324,0
787,0
5231,0
171,0
2537,0
3267,0
3604,0
897,1
4570,0
5748,0
2776,1
1377,0
4526,0
1447,0
5666,0
4490,1
478,0
3105,0
1618,0
338,1
1896,1
321,0
2130,0
5299,0
5016,0
636,0
621,0
5559,0
3613,0
1659,0
2103,0
4800,1
2187,0
4496,0
4079,1
5646,1
3758,1
3135,0
4770,1
4268,0
3215,0
2795,0
682,0
2313,0
1710,0
2299,0
5072,0
1262,0
4655,0
3416,0
4342,0
5183,0
1951,1
5407,1
4517,0
23,0
736,1
537,1
4030,1
2770,0
1586,1
4516,1
5131,0
1350,0
3126,0
867,0
1128,0
5024,0
6132,0
123,1
6033,1
2832,0
5683,0
1768,1
4330,1
5437,0
4615,0
1608,0
2096,0
5553,1
6127,0
2422,0
5404,0
1798,0
4452,1
5675,0
4543,0
3598,0
1507,0
2558,0
5134,0
2475,0
4006,0
5000,1
168,1
1194,1
2938,0
3432,0
3181,0
1221,0
3692,1
1195,1
2628,1
2365,0
3677,1
79,0
1699,1
4630,0
2477,1
4009,0
3410,0
4801,0
2756,0
4948,0
2191,0
371,0
486,0
4999,0
3475,1
3331,0
521,1
572,0
2648,1
4035,0
2282,0
1944,0
2817,0
948,1
3120,1
5664,1
2357,0
4622,1
5650,1
1490,0
5660,0
4652,0
4013,0
1097,1
2125,0
4288,1
3446,0
2656,0
5144,0
3958,0
4029,1
5981,0
2825,0
511,0
1862,0
447,1
1360,1
1108,0
534,0
4790,0
3709,0
3253,0
4798,1
2427,0
5978,0
2169,0
2669,0
414,1
5565,0
5785,0
3314,0
5536,0
2177,0
4353,0
4685,0
5910,0
2732,0
3785,0
1731,1
3603,0
5502,0
1003,0
5645,0
5042,0
6025,1
4844,0
884,0
2737,0
4071,1
1689,1
1348,0
681,1
1709,0
6148,0
161,0
671,0
1267,0
354,0
4692,0
2496,0
5335,1
2680,0
1552,1
2326,1
5532,0
5856,0
5891,0
5984,0
4120,0
4388,1
1366,0
3098,0
2226,0
5219,0
3859,0
364,1
2602,0
2082,0
3358,0
2360,0
2334,1
5202,0
615,0
1761,0
92,0
1645,0
5124,0
2571,0
2564,1
1965,0
3309,0
3991,0
4977,0
2002,0
2554,0
4836,0
2967,0
4384,0
1662,0
2402,1
5510,1
143,1
3092,0
3198,0
5187,1
259,0
1497,0
1603,0
5213,0
2742,0
2376,0
3556,0
650,1
2324,0
5125,0
3752,0
971,0
3941,1
5602,1
3073,1
1306,1
4672,0
4523,0
4884,1
3091,0
3725,0
3008,0
5017,0
3566,0
4656,0
4794,0
2285,0
2501,0
1783,0
1364,0
1469,0
4985,1
3057,0
1946,0
4422,0
5879,0
271,0
6100,0
5597,1
1697,0
5392,0
2450,0
1912,0
4230,0
1820,1
407,0
1806,1
3902,0
3263,0
2934,1
3705,1
4080,0
5070,0
5631,0
5329,0
5719,1
5141,1
3187,0
3480,0
1545,0
464,0
1224,0
5352,1
6036,0
3577,0
3248,0
1092,0
692,0
1242,0
104,0
4537,0
1632,0
5288,0
684,0
3512,1
3939,0
3858,0
4277,1
1119,0
598,1
3460,0
2581,0
4325,0
5083,1
2819,0
2696,0
5319,1
3341,0
2081,0
200,1
4957,1
4761,1
2122,0
324,0
1814,1
2351,1
40,0
2673,0
69,1
2411,0
2183,1
4243,1
3532,0
680,1
5302,0
5110,1
3694,1
5023,0
2203,0
2529,1
3282,0
6055,1
366,0
734,0
4442,0
2342,0
2072,0
5357,0
955,1
2674,1
288,0
3227,0
3032,0
3065,0
6073,0
2550,0
2168,0
1389,0
2746,0
2426,1
1582,0
2834,0
2029,0
2063,0
5710,1
2610,0
39,0
2953,0
3918,1
2557,0
3044,0
2312,1
3279,0
5746,1
2687,0
3998,1
2067,0
1058,0
794,0
4430,0
5236,0
1733,0
4588,0
1098,0
3753,0
1598,1
1294,1
951,0
1472,0
4683,0
3880,0
453,1
4298,0
2057,1
2131,0
6021,0
829,0
5767,0
2937,0
5752,0
2983,1
723,0
6019,0
3464,0
5774,1
4869,0
3241,0
2889,0
1596,0
4215,0
6035,0
5258,1
765,1
5055,0
2592,0
2526,1
1593,0
3972,0
3097,0
3749,1
5662,0
1422,0
5874,0
655,1
5464,1
284,0
4273,0
5030,0
5872,1
2260,0
3704,0
2027,1
6039,0
3353,0
4509,0
5705,0
1446,0
982,0
2345,0
1154,0
3643,1
4306,0
675,0
469,0
1318,1
4233,0
430,0
1510,0
3951,0
1556,0
1130,0
5433,0
1211,1
917,0
167,1
3060,0
4379,0
4389,0
5822,0
2614,1
2495,0
1001,0
1179,0
57,0
3021,0
209,1
2112,0
4585,0
3831,1
1308,0
1441,0
426,1
4397,0
698,0
4759,0
1266,0
1624,0
4099,0
3580,0
1594,0
5868,1
2302,0
493,1
962,0
1861,0
6013,0
5484,0
3036,1
4840,0
979,0
5676,0
230,0
820,0
2867,0
1827,0
4253,0
5690,0
4757,0
1468,0
5711,0
5205,0
622,0
5255,0
4712,0
3723,1
4007,0
3049,0
1779,0
4246,0
4067,0
337,1
2643,0
3166,1
1084,0
3401,1
2608,0
5412,0
3570,0
4025,1
4468,0
391,0
738,0
114,0
1069,1
3924,0
938,1
2300,0
5680,0
258,1
2239,0
1340,0
1153,0
5436,0
993,0
1847,0
2559,0
1973,0
3665,0
4352,1
133,0
2463,0
442,0
2030,0
1669,0
2176,0
4878,0
5720,0
1599,0
2726,0
4724,1
2573,0
1295,0
136,0
4427,0
1660,0
1745,0
1279,0
4576,0
4762,1
3547,0
5221,0
4058,0
130,1
2701,0
28,0
4963,1
1235,0
5795,0
5875,1
5883,0
4044,0
4631,0
4293,0
460,0
3559,1
2392,0
2010,0
5599,0
2467,1
1805,1
203,0
5449,0
3652,1
965,1
125,0
3026,0
5841,0
1966,1
2973,0
2961,0
4982,0
2997,0
648,0
5799,0
3324,0
1758,0
1589,1
936,0
1451,1
524,1
1354,0
3139,0
1189,0
4206,0
3441,0
5379,0
878,1
3295,0
2023,0
4402,0
67,0
3695,0
1482,0
5501,1
3893,0
3430,1
5047,0
1945,0
4580,1
3932,0
3543,0
4547,0
783,1
2164,1
4121,0
227,0
761,1
6168,0
515,0
1606,0
2892,0
3931,0
5865,0
909,1
194,0
743,0
613,0
4498,0
1871,0
4778,0
3639,0
402,0
3541,0
850,0
4428,0
1729,1
375,0
4821,0
2936,1
1008,0
5900,1
4889,0
410,1
579,0
693,1
1612,0
2735,0
656,1
4358,0
3840,0
4697,1
4637,0
3134,0
591,0
2907,0
1576,1
3130,1
5324,1
2397,0
3125,0
2661,1
1872,0
744,0
5422,1
183,0
4596,0
2717,0
1054,0
4286,1
654,0
149,0
709,0
370,0
24,0
3313,0
1286,0
1958,1
2261,1
1200,0
470,0
5939,0
1193,0
107,0
1485,1
5064,0
351,0
4020,0
1261,0
49,0
1444,1
5723,0
4252,0
4875,0
5130,0
2512,0
4574,0
3609,0
5780,0
5264,0
5916,0
3034,0
2772,1
5919,1
5698,0
5760,1
2126,0
31,0
2307,0
1227,0
2330,0
3414,0
5081,0
174,0
2677,0
5665,0
3242,1
4657,0
6165,1
4804,0
6027,0
808,1
1470,0
3903,1
5598,0
5089,0
4437,0
3196,0
494,0
1002,0
2318,0
4687,0
4550,0
973,0
4902,0
5338,1
2812,0
385,0
4111,0
1664,0
3346,1
1702,0
4113,0
4482,0
1059,0
641,0
3011,0
2814,1
5145,1
5790,0
1187,0
2663,0
5129,0
1717,1
2470,0
1921,0
3144,0
5495,0
4920,1
586,0
4396,0
5810,0
77,1
2369,0
626,1
3404,1
3714,0
1408,1
1906,0
376,0
81,0
2171,0
4126,0
2787,0
2794,1
5246,0
190,0
5921,0
5702,0
6062,0
4605,0
2060,0
4682,0
2249,0
1384,0
4386,0
5059,0
6098,0
3477,1
5371,1
3107,0
2111,0
241,0
1518,0
4855,0
677,0
3703,1
5006,0
4415,1
5663,0
1383,1
1206,0
2455,1
4767,1
1028,0
1817,0
5166,0
5360,0
3431,1
2831,0
5478,0
3056,0
629,0
2374,0
5164,0
3071,0
2368,0
4866,0
1293,0
5215,0
2815,0
3151,0
2827,0
3853,0
2615,0
4049,0
5626,0
3618,0
5609,0
1655,0
141,0
1590,0
2497,0
4038,0
6087,1
5240,0
1070,1
1137,0
4326,0
1000,0
2716,0
3201,1
5998,0
25,0
2150,1
262,0
3911,0
3041,0
3298,0
5217,0
2423,0
3491,0
3610,0
1696,1
9,0
1067,0
1903,0
1714,0
3062,0
401,1
5273,0
5524,1
1995,0
1540,1
5669,0
4135,1
865,0
5929,0
2434,0
5373,0
4304,0
3329,0
3102,0
3363,0
2569,1
4577,0
891,0
4930,0
699,0
4140,0
294,0
4056,0
2725,0
2298,0
3789,0
4042,1
1113,0
632,1
213,0
4055,0
5636,0
1610,0
6038,0
4487,0
2377,0
199,0
5562,0
3782,0
6068,1
5446,0
6166,0
5284,0
3945,0
1935,0
3536,1
571,0
3142,1
3729,0
2632,0
296,1
3172,0
2877,0
4640,0
4906,0
4646,1
4349,0
3311,0
1205,0
4913,0
568,1
2447,0
3001,1
2440,1
4684,0
5028,0
2086,0
2510,0
3624,1
4779,0
5148,0
1646,1
3816,0
5443,0
751,0
1162,0
4002,0
2075,0
278,0
4255,1
1147,0
295,1
978,1
4356,1
1762,1
3019,0
1169,0
3518,1
2315,0
3325,1
3546,0
5974,1
5468,0
1370,0
4929,0
905,0
4164,1
2586,0
5161,0
5001,0
1315,0
4086,0
3916,0
1727,1
2358,1
5107,0
5470,0
5773,0
4927,0
5147,0
4431,0
4738,0
1398,0
1245,1
834,0
150,0
3648,0
2349,1
5088,0
185,1
888,1
921,0
1488,1
2927,0
3635,1
5492,0
5297,0
673,0
1909,0
2109,0
2036,0
2232,0
265,0
3300,0
2505,0
5621,1
1412,0
5755,0
3031,0
5857,1
210,0
5781,0
2251,0
2396,0
4858,0
1501,0
2292,0
1085,0
1268,0
1110,0
3548,0
2750,0
3455,0
4675,1
2883,0
3438,0
3323,0
3967,0
810,0
3171,0
3029,1
2876,0
3255,0
3976,0
3030,0
6014,1
5694,0
52,1
5840,0
4466,0
3155,0
1970,0
2714,0
1363,0
1515,0
2153,0
5384,0
113,0
5223,1
169,1
2323,0
5127,1
4713,0
5365,0
2603,0
4965,0
4257,0
1246,0
1355,0
3759,0
4236,0
1158,0
3538,0
5254,0
3327,0
4732,0
6117,0
1116,1
2484,0
854,1
4715,0
4436,0
5615,0
2259,0
3900,0
54,1
4062,1
5733,0
2178,1
5739,0
5624,0
3701,1
2553,0
4971,1
2842,0
1213,1
4264,1
3146,0
4449,1
5432,0
3849,1
3995,0
5837,1
4586,1
3592,0
5815,0
2766,0
516,1
5619,0
2710,0
357,0
5608,0
2711,0
530,0
3321,0
60,0
949,0
4772,0
282,0
3349,0
1630,0
2783,0
4181,0
4739,0
5250,1
452,0
3576,0
2733,0
4815,0
1277,0
1284,0
4048,0
5770,0
1531,0
4034,0
806,0
5831,0
1530,1
2555,0
3750,0
4874,0
50,1
2692,0
3055,0
802,0
5398,1
1368,0
425,0
5920,0
1,0
4569,0
2035,0
1270,0
177,0
5503,0
513,0
1287,1
1463,1
2410,0
5749,0
2385,0
767,0
1349,0
3786,0
2483,0
1055,0
5637,1
5340,0
2456,1
533,1
5986,0
5471,1
5543,0
381,0
1867,0
5560,0
3347,1
2682,0
5757,0
931,0
2627,0
2527,0
6108,0
6162,0
420,0
4722,1
3715,0
1481,0
1060,0
1971,0
4177,1
74,1
3174,0
2605,0
2881,0
1253,0
4395,0
1895,1
2599,1
1865,0
1462,0
4604,0
1182,0
5575,0
489,0
1125,0
1258,0
1542,0
389,0
3066,0
3920,1
4871,0
2212,0
1291,0
2511,1
2996,1
5877,0
456,0
816,0
1087,0
2921,0
2639,1
3131,0
6015,0
5686,1
1280,1
4701,0
1430,1
2778,0
2223,0
353,0
4420,0
3720,0
3390,0
3874,0
2083,0
1204,0
1406,1
5318,0
1700,0
1706,0
2914,0
4719,0
1275,0
2208,1
164,1
2048,1
4974,1
3281,0
3361,0
3689,0
5688,0
409,0
4239,0
4119,1
5243,0
642,0
5925,0
1344,0
4481,0
889,1
1558,1
1086,0
3928,0
532,0
3009,0
2448,1
6072,0
2768,0
1672,0
2110,0
1149,0
3167,0
267,0
3764,0
6003,0
3737,0
361,0
1461,1
3422,0
953,0
2161,0
6054,0
1575,0
5466,0
3338,0
1843,0
2209,1
2980,0
3437,0
5123,0
755,0
1379,0
981,0
2101,0
287,0
3534,0
3089,0
1155,0
1512,1
4232,0
3262,1
4928,1
2192,0
212,0
5380,0
3165,0
275,1
89,0
2799,0
2325,0
299,0
4664,0
3675,0
5606,1
3777,0
5138,1
316,0
5498,0
2152,0
3289,0
3118,0
5725,0
2021,0
5337,0
2975,1
1276,1
2414,0
529,0
4405,0
1506,1
3599,0
3682,0
1319,0
3381,0
3035,0
2381,0
4812,1
4312,1
2617,1
1167,1
4726,0
3472,1
5191,0
5507,0
5862,0
5353,0
2872,0
1223,0
5248,0
4256,0
1983,0
5881,0
4021,0
372,0
3483,0
2132,1
3419,0
3425,1
1539,0
5972,0
2745,1
1554,0
4336,0
2818,0
5198,0
619,0
2382,0
4392,0
4527,0
4376,0
3525,0
2630,0
4124,1
5509,1
2767,0
3896,1
1657,1
4819,0
970,0
1844,1
3025,0
3152,0
3387,1
5488,1
1212,0
5296,1
1429,0
5692,0
427,0
4095,1
4272,0
1924,1
4690,0
3396,0
5820,0
405,1
492,0
5639,1
3495,0
825,1
2543,0
3674,1
4944,0
2791,0
5109,0
3516,0
5383,0
6031,0
4970,0
1789,1
2188,0
2146,0
4506,0
3247,0
1842,0
1210,0
975,0
475,0
3312,0
216,1
657,0
4597,0
3236,0
2520,0
1584,0
4635,1
5415,0
1131,0
3039,0
2064,0
4593,0
4408,0
132,0
4348,0
3567,0
1342,0
2185,0
5285,0
4744,0
595,0
5696,0
6103,0
811,0
248,1
4375,1
30,0
1120,0
3364,0
4843,0
2793,0
4244,0
4756,0
5282,0
1975,0
4667,0
634,0
47,0
5515,0
4746,1
5298,1
869,0
4987,0
1321,0
5846,0
4924,0
1544,1
5389,0
4130,1
3560,0
4218,0
2504,0
3568,0
4694,0
3059,0
861,0
4106,0
2139,1
1985,0
4886,0
2311,0
2760,0
2532,0
849,1
1244,0
4714,1
4175,0
4271,0
3046,1
1181,1
3461,1
4331,0
2372,1
3,0
6005,0
6126,0
1756,0
4012,0
1049,1
1419,1
5035,0
4492,0
5825,0
863,1
3864,0
6070,1
5918,0
2552,0
6097,0
2432,1
3798,0
311,0
1619,0
1093,0
1941,0
3826,0
1230,1
4856,0
5823,0
1734,1
6146,0
4760,0
3751,0
3064,0
2623,0
1394,0
4839,1
4563,1
4350,0
5623,1
2835,1
2406,1
3010,0
4123,0
763,0
3891,0
5408,0
967,0
3315,0
3442,1
683,1
4960,1
2547,0
992,0
915,0
5465,1
5261,1
186,0
923,0
5712,0
4171,1
3557,1
5888,0
1620,0
1831,0
2485,0
3149,0
741,0
5425,0
972,0
2565,0
4916,0
3963,0
1117,1
157,0
2468,0
3861,0
832,0
836,0
2826,0
503,1
990,0
3938,0
924,0
2045,1
1981,0
250,0
3912,0
2684,0
1347,1
5670,0
5266,0
3654,0
356,0
745,0
845,1
724,1
1977,0
2956,1
4341,0
2215,0
5876,1
3649,0
3871,1
4489,1
3293,1
5184,0
1259,0
2989,0
86,1
747,0
1868,0
1316,0
3899,0
5009,0
963,0
4651,1
266,0
2429,1
4117,0
3087,0
3140,1
2070,1
4203,0
4534,0
1801,0
2236,0
3544,0
3063,0
2213,1
6002,0
4267,1
5803,1
1986,0
1372,0
2123,1
3908,0
5914,0
2058,0
5912,0
3948,0
2059,0
3712,0
2905,0
4923,0
3839,0
5519,1
6107,1
285,0
96,1
5880,1
2665,1
3956,0
3443,0
5233,0
6058,0
2650,0
2281,0
2522,0
3614,0
1285,1
4023,0
2004,0
2154,0
3765,0
2240,0
3933,1
6077,0
4152,0
4579,0
44,0
3957,0
4417,1
2803,0
3090,0
5128,0
5942,1
6024,0
4334,0
1810,1
1004,0
3860,0
5149,0
2394,0
1077,0
6154,1
3856,0
3413,0
5253,1
301,0
2899,1
2508,0
943,0
5346,0
2371,1
1260,0
5349,0
2523,0
3157,0
4560,0
4102,1
842,0
1869,0
327,0
2437,1
5366,1
3209,0
5955,0
1465,0
4989,0
3132,0
2062,0
4791,0
4484,0
2572,0
3104,0
3334,0
604,0
4939,0
4419,0
866,0
1891,1
4043,1
5658,0
5580,1
3368,0
1281,1
831,0
3150,0
3800,0
1905,0
4552,0
4404,0
2051,1
1303,0
329,0
4850,0
1705,1
2494,0
6104,0
4026,0
480,0
3630,0
1176,0
5634,0
2958,0
4011,0
118,1
2863,1
880,0
1030,0
467,1
5327,1
5735,0
3084,1
5295,0
1902,1
1976,0
777,0
4665,1
1787,1
5506,0
6105,0
5189,1
85,0
1666,1
3488,0
5185,0
2790,1
4852,0
2144,0
2200,0
512,1
3210,0
732,0
2221,0
5409,0
4627,0
5441,0
4862,0
2784,1
2003,0
5988,0
3667,0
5610,0
4471,1
1634,0
5511,0
2758,0
2860,0
1185,0
3123,0
3185,0
2056,0
4335,1
4084,0
128,1
4451,1
165,1
5839,0
1511,0
3200,0
1320,0
2541,1
473,0
1998,0
19,0
3953,0
2957,0
2043,1
5159,1
2138,0
1026,0
98,0
5520,0
3115,1
5120,0
2836,0
3162,0
450,0
551,0
4373,0
3745,0
179,0
4530,0
3655,0
1341,1
5991,1
3549,0
3521,0
1592,0
1517,1
742,0
4964,1
1770,0
5704,0
484,1
5776,0
2811,0
2022,0
6101,0
1911,0
2486,0
781,0
4645,0
78,0
4879,0
1890,0
5104,0
6079,1
5681,0
674,0
2204,0
4783,0
4972,0
459,1
2866,0
5364,0
753,0
122,0
3638,0
700,0
2925,0
5451,1
1493,0
6086,0
1949,0
2087,1
3366,0
32,0
2155,0
2759,0
70,0
1450,0
5216,0
5969,0
3176,0
3628,0
3878,0
5287,0
3960,1
5851,1
3222,0
3147,0
1532,1
4502,1
5339,0
2433,0
4362,0
3575,0
3183,0
1913,0
505,1
340,0
4911,0
3581,0
5769,1
799,0
5027,1
4841,0
5075,0
5777,0
5927,1
62,0
1776,0
2846,0
6085,0
2461,1
4238,1
5941,0
1568,0
4290,0
4743,0
4457,1
2849,0
1690,0
4154,1
2987,0
2420,0
4455,0
5821,0
1569,1
3966,0
2340,0
2095,0
5020,1
2042,1
4374,0
2201,1
6110,1
2273,0
382,0
3865,0
2413,0
3913,0
1391,1
5121,0
5551,0
3915,1
1953,0
4163,1
5152,0
2916,1
2343,1
4210,1
246,0
1440,1
1023,0
3234,0
5077,0
412,0
2262,1
1063,0
4213,1
6049,0
5842,1
4344,0
3562,0
666,0
6084,0
5957,0
4189,1
6094,0
115,0
3990,0
5473,0
2303,0
2478,0
3251,0
119,1
1982,0
2181,0
163,0
264,0
5410,1
4343,1
776,0
4872,0
4649,1
5210,0
5587,0
4677,0
4941,0
4474,0
652,0
3724,0
5557,0
1171,0
5673,1
3012,0
6106,0
3875,0
6099,0
1369,1
898,0
929,0
4773,0
15,1
2549,0
968,0
1107,1
5651,0
4337,0
3969,1
1255,0
2649,0
2924,0
4781,0
4265,0
6109,0
1640,0
1134,1
5758,0
3520,1
1879,0
272,0
1474,0
5350,0
1548,0
4311,0
5738,1
4441,0
839,0
2196,1
1836,0
4892,0
413,0
1713,0
4439,0
5044,1
2796,0
2222,0
378,0
1492,0
739,0
3378,0
3616,0
5672,0
53,0
4115,1
5406,0
2270,0
5095,0
3095,0
1390,0
3189,0
3479,0
3434,0
4192,0
5596,1
2310,0
3223,1
2591,1
1633,1
4276,0
3175,0
4813,0
2977,0
4281,0
468,0
5882,0
904,0
5855,1
72,0
3218,0
5966,0
1899,1
5053,0
3996,0
5641,0
1208,0
2078,0
1591,0
2845,0
5160,0
5625,0
2206,0
2981,0
659,0
64,1
1839,1
4001,0
5173,0
3037,0
455,1
5480,0
403,0
5086,0
5542,0
1473,0
678,0
3357,0
1617,0
1252,0
1984,0
3426,0
4919,1
5060,0
3844,0
4932,0
1034,1
175,1
940,0
3103,1
4788,0
2588,0
335,1
874,0
2854,0
1487,0
4294,0
297,0
5989,0
5901,0
5627,1
3846,0
4219,1
3761,1
379,1
3111,0
2771,1
3919,0
4139,0
2211,0
2173,1
2600,0
2053,0
916,0
6118,1
5897,0
4708,1
2336,0
3821,0
957,0
1888,0
6160,0
3718,0
4028,0
1183,1
6152,0
5005,0
4603,1
4453,1
1424,0
6141,0
2401,0
2893,0
5251,0
3597,0
1723,1
1668,0
2885,0
2995,0
4764,1
887,0
4057,0
5381,0
5892,0
334,0
154,0
5517,0
722,0
374,0
313,1
1850,0
1623,0
43,0
2694,0
5068,0
4619,0
418,0
4859,1
4754,0
6042,0
5742,0
705,1
733,0
5885,0
945,0
5959,0
3615,0
1807,0
1019,0
5566,0
908,0
1694,1
2792,0
4369,0
5590,1
520,0
815,0
819,0
3450,0
4831,1
1523,1
1639,0
6067,0
3558,0
5798,0
1701,0
3527,0
5218,0
3735,0
3047,0
1884,0
2593,1
380,0
3776,0
4004,0
2252,0
4440,0
2149,0
3727,0
2145,1
2567,1
1804,0
5979,0
5358,0
3622,1
5521,0
3968,0
1595,1
4329,1
4891,1
1707,0
6061,0
3791,0
1821,0
2563,0
2560,0
4209,0
5096,0
1583,0
2548,0
320,0
4322,0
5139,0
5289,0
3365,0
5546,0
1764,1
5763,0
2844,0
4945,1
4718,0
5824,0
2142,0
214,0
4867,0
4434,0
3498,0
804,0
5279,0
5265,0
4133,0
106,1
4459,0
4947,0
3806,0
2807,0
4953,0
1466,0
2954,1
566,0
6149,0
4346,0
2525,1
1475,0
3237,0
2830,0
2503,0
318,0
1201,0
5204,0
2279,0
653,0
71,0
5764,0
2659,0
1175,0
1089,0
6125,0
411,0
4065,1
6041,0
2387,0
5122,0
2092,0
4636,1
602,0
5429,0
3014,0
4793,0
5531,0
2220,0
2466,0
838,0
3326,0
625,0
1628,0
807,0
4979,0
5581,0
3116,1
638,1
424,0
4824,0
1997,0
4473,1
4621,0
2487,0
151,0
3110,0
1581,1
627,0
3003,0
4602,0
3797,0
3482,0
144,0
4814,0
2575,0
4663,1
4015,1
1881,0
5252,1
3453,0
3606,0
3343,0
5528,0
5913,1
2172,0
4976,0
5172,0
2781,0
4721,0
2833,0
6143,0
5463,1
2231,0
618,0
1325,0
691,0
5965,0
2289,0
3303,0
5786,0
1351,0
5838,1
2730,1
5783,0
5789,0
4562,0
1188,0
1192,0
146,1
3573,1
4421,0
3743,0
1763,0
3801,1
4803,1
4811,0
1835,1
6043,0
1112,0
2128,0
4998,0
4784,0
5727,1
2278,1
3796,0
2500,0
1825,0
2789,1
4197,1
4387,1
3828,0
2493,0
879,0
1456,0
392,0
4183,0
2284,0
2715,0
5372,1
5620,0
2959,1
476,0
1695,0
1296,0
2093,0
3051,0
1138,0
2073,1
5332,0
833,0
592,0
4659,0
5717,0
3593,0
5732,0
110,0
5257,0
4319,0
1053,0
1312,0
669,0
254,1
5169,1
5716,0
5589,1
2691,0
4642,0
5046,1
5668,0
844,1
4160,0
4510,0
3375,0
3395,0
885,0
4548,1
5355,0
3997,0
4753,1
1880,0
5678,0
5583,0
1486,1
5424,1
2418,0
2738,1
2268,0
4174,0
3369,0
2809,1
870,0
2469,0
3894,0
451,0
5116,0
5657,0
1980,0
697,0
1742,0
3719,0
812,1
3285,1
2190,0
5007,1
5618,1
5146,0
506,0
3304,0
406,0
3641,0
184,0
6048,0
1877,0
5814,0
610,1
2675,0
2034,0
3982,0
1969,0
21,0
2219,1
5522,1
5687,0
2225,0
328,0
3271,0
2519,0
1875,1
5985,1
4363,0
5987,0
1757,0
2179,0
4962,0
6111,0
3411,0
6045,0
490,0
607,0
3213,1
2465,0
1739,0
153,0
890,0
6102,0
3083,0
270,1
97,0
3825,1
5061,1
3886,0
1800,0
4968,0
1573,0
4629,0
1068,1
5196,0
2761,0
716,0
4060,1
5709,1
5635,0
6139,1
4566,1
4661,0
1799,0
462,0
5374,0
2945,0
1796,0
1870,0
5490,0
1346,0
4792,0
5272,1
5849,1
5025,0
1215,0
1373,1
244,1
4040,0
2800,0
1680,0
3851,0
1313,1
649,0
3239,0
2644,0
4410,0
156,0
3429,0
3454,0
1304,0
1151,0
3048,0
5898,0
1047,0
1641,0
1307,0
1928,0
5592,1
3440,0
4122,1
2245,0
3137,1
16,0
3539,1
5418,0
4980,0
2670,0
1361,0
1845,1
3099,1
1613,0
498,0
2841,0
4612,0
6134,0
3634,0
1479,0
5508,0
1096,1
543,0
4730,1
4075,0
432,0
729,1
5385,0
4413,0
6017,1
2562,0
1338,0
3607,0
2878,0
4416,0
1032,0
6122,0
1111,0
1889,1
3551,0
1528,0
754,0
3050,1
2629,0
563,1
4765,0
3563,0
253,1
2517,0
2963,1
4454,0
5375,1
5397,0
1203,0
3463,0
2798,0
4226,0
145,1
5057,0
2896,0
2764,0
906,0
5193,0
3981,1
236,0
5158,1
